{"cameraMode":{"drawMode":0,"name":"Shaded","section":"Shading Mode"},"sceneLighting":false,"audioPlay":false,"sceneViewState":{"showFog":false,"showMaterialUpdate":false,"showSkybox":false,"showFlares":false,"showImageEffects":false,"showParticleSystems":false},"in2DMode":false,"pivot":{"x":-0.05119013786315918,"y":0.6827328205108643,"z":-0.0803065299987793},"rotation":{"x":-0.13191065192222596,"y":0.37166082859039309,"z":-0.05345042422413826,"w":-0.9174142479896545},"size":3.6216776371002199,"orthographic":false}