{"cameraMode":{"drawMode":0,"name":"Shaded","section":"Shading Mode"},"sceneLighting":false,"audioPlay":false,"sceneViewState":{"showFog":false,"showMaterialUpdate":false,"showSkybox":false,"showFlares":false,"showImageEffects":false,"showParticleSystems":false},"in2DMode":false,"pivot":{"x":0.056021273136138919,"y":0.0009268671274185181,"z":-0.14703771471977235},"rotation":{"x":-0.1101483553647995,"y":0.8621656894683838,"z":-0.21429218351840974,"w":-0.4459303319454193},"size":3.0497148036956789,"orthographic":false}