{"cameraMode":{"drawMode":0,"name":"Shaded","section":"Shading Mode"},"sceneLighting":false,"audioPlay":false,"sceneViewState":{"showFog":false,"showMaterialUpdate":false,"showSkybox":false,"showFlares":false,"showImageEffects":false,"showParticleSystems":false},"in2DMode":false,"pivot":{"x":1.594234585762024,"y":-0.6854455471038818,"z":0.17043066024780274},"rotation":{"x":-0.1464536041021347,"y":0.06529811769723892,"z":-0.009971688501536847,"w":-0.987116813659668},"size":2.0122387409210207,"orthographic":false}