{"cameraMode":{"drawMode":0,"name":"Shaded","section":"Shading Mode"},"sceneLighting":true,"audioPlay":false,"sceneViewState":{"showFog":false,"showMaterialUpdate":false,"showSkybox":false,"showFlares":false,"showImageEffects":false,"showParticleSystems":false},"in2DMode":false,"pivot":{"x":-0.23723912239074708,"y":-1.308500051498413,"z":0.038172364234924319},"rotation":{"x":-0.11238442361354828,"y":0.8307985067367554,"z":-0.1828792691230774,"w":-0.5137458443641663},"size":1.6581063270568848,"orthographic":false}