{"cameraMode":{"drawMode":0,"name":"Shaded","section":"Shading Mode"},"sceneLighting":false,"audioPlay":false,"sceneViewState":{"showFog":false,"showMaterialUpdate":false,"showSkybox":false,"showFlares":false,"showImageEffects":false,"showParticleSystems":false},"in2DMode":false,"pivot":{"x":0.00041291117668151855,"y":0.0947643369436264,"z":0.00021324306726455688},"rotation":{"x":-0.13191065192222596,"y":0.37166082859039309,"z":-0.05345042422413826,"w":-0.9174142479896545},"size":0.777133047580719,"orthographic":false}