{"cameraMode":{"drawMode":0,"name":"Shaded","section":"Shading Mode"},"sceneLighting":false,"audioPlay":false,"sceneViewState":{"showFog":false,"showMaterialUpdate":false,"showSkybox":false,"showFlares":false,"showImageEffects":false,"showParticleSystems":false},"in2DMode":false,"pivot":{"x":0.2591824531555176,"y":0.18829035758972169,"z":-0.05464732646942139},"rotation":{"x":-0.12328026443719864,"y":0.8753142356872559,"z":-0.3030649423599243,"w":-0.35611382126808169},"size":2.014017343521118,"orthographic":false}