{"cameraMode":{"drawMode":2,"name":"Shaded Wireframe","section":"Shading Mode"},"sceneLighting":false,"audioPlay":false,"sceneViewState":{"showFog":false,"showMaterialUpdate":false,"showSkybox":false,"showFlares":false,"showImageEffects":false,"showParticleSystems":false},"in2DMode":false,"pivot":{"x":1.9106149673461915,"y":0.11998391151428223,"z":0.3987835645675659},"rotation":{"x":0.15691818296909333,"y":-0.43490391969680788,"z":0.0772579088807106,"w":0.8833321928977966},"size":4.00809907913208,"orthographic":false}