{"cameraMode":{"drawMode":0,"name":"Shaded","section":"Shading Mode"},"sceneLighting":false,"audioPlay":false,"sceneViewState":{"showFog":false,"showMaterialUpdate":false,"showSkybox":false,"showFlares":false,"showImageEffects":false,"showParticleSystems":false},"in2DMode":false,"pivot":{"x":-8.332205772399903,"y":-2.098999261856079,"z":8.157805442810059},"rotation":{"x":0.14267931878566743,"y":0.7008551955223084,"z":-0.14630836248397828,"w":0.6834150552749634},"size":0.14160725474357606,"orthographic":false}