{"cameraMode":{"drawMode":0,"name":"Shaded","section":"Shading Mode"},"sceneLighting":false,"audioPlay":false,"sceneViewState":{"showFog":false,"showMaterialUpdate":false,"showSkybox":false,"showFlares":false,"showImageEffects":false,"showParticleSystems":false},"in2DMode":false,"pivot":{"x":-0.3509035110473633,"y":0.04229864478111267,"z":0.30938035249710085},"rotation":{"x":0.00706201046705246,"y":-0.18697743117809297,"z":-0.0013518263585865498,"w":-0.9823458194732666},"size":5.0020246505737309,"orthographic":false}