{"cameraMode":{"drawMode":0,"name":"Shaded","section":"Shading Mode"},"sceneLighting":false,"audioPlay":false,"sceneViewState":{"showFog":false,"showMaterialUpdate":false,"showSkybox":false,"showFlares":false,"showImageEffects":false,"showParticleSystems":false},"in2DMode":false,"pivot":{"x":0.022615134716033937,"y":0.21945177018642426,"z":0.00021016597747802734},"rotation":{"x":-0.12328026443719864,"y":0.8753142356872559,"z":-0.3030649423599243,"w":-0.35611382126808169},"size":1.4132803678512574,"orthographic":false}