{"cameraMode":{"drawMode":0,"name":"Shaded","section":"Shading Mode"},"sceneLighting":false,"audioPlay":false,"sceneViewState":{"showFog":false,"showMaterialUpdate":false,"showSkybox":false,"showFlares":false,"showImageEffects":false,"showParticleSystems":false},"in2DMode":false,"pivot":{"x":0.014315098524093628,"y":0.22042234241962434,"z":-0.00027763843536376953},"rotation":{"x":-0.056773122400045398,"y":0.90764981508255,"z":-0.13051503896713258,"w":-0.39490923285484316},"size":1.1468812227249146,"orthographic":false}