{"cameraMode":{"drawMode":0,"name":"Shaded","section":"Shading Mode"},"sceneLighting":false,"audioPlay":true,"sceneViewState":{"showFog":true,"showMaterialUpdate":false,"showSkybox":false,"showFlares":true,"showImageEffects":true,"showParticleSystems":true},"in2DMode":false,"pivot":{"x":2.384185791015625e-7,"y":0.6607081890106201,"z":0.08795899152755737},"rotation":{"x":-0.14095497131347657,"y":0.7649062275886536,"z":-0.17894406616687776,"w":-0.6025206446647644},"size":21.846118927001954,"orthographic":false}