{"cameraMode":{"drawMode":0,"name":"Shaded","section":"Shading Mode"},"sceneLighting":true,"audioPlay":false,"sceneViewState":{"showFog":true,"showMaterialUpdate":true,"showSkybox":true,"showFlares":true,"showImageEffects":true,"showParticleSystems":true},"in2DMode":false,"pivot":{"x":-21.0025634765625,"y":2.108154296875,"z":-2.2073819637298586},"rotation":{"x":-0.2906464636325836,"y":-0.6459934711456299,"z":0.29222410917282107,"w":-0.6425262093544006},"size":165.45462036132813,"orthographic":false}